
CREATE TABLE config (
  id INTEGER PRIMARY KEY AUTOINCREMENT,
  ruc TEXT NOT NULL,
  nombre TEXT NOT NULL,
  telefono TEXT NOT NULL,
  direccion TEXT NOT NULL,
  mensaje TEXT NOT NULL
);

CREATE TABLE salas (
  id INTEGER PRIMARY KEY AUTOINCREMENT,
  nombre TEXT NOT NULL,
  mesas INTEGER NOT NULL
);

CREATE TABLE usuarios (
  id INTEGER PRIMARY KEY AUTOINCREMENT,
  nombre TEXT NOT NULL,
  correo TEXT NOT NULL,
  pass TEXT NOT NULL,
  rol TEXT NOT NULL
);

CREATE TABLE platos (
  id INTEGER PRIMARY KEY AUTOINCREMENT,
  nombre TEXT NOT NULL,
  precio REAL NOT NULL,
  fecha TEXT DEFAULT NULL
);

CREATE TABLE pedidos (
  id INTEGER PRIMARY KEY AUTOINCREMENT,
  id_sala INTEGER NOT NULL,
  num_mesa INTEGER NOT NULL,
  fecha TEXT DEFAULT CURRENT_TIMESTAMP,
  total REAL NOT NULL,
  estado TEXT CHECK(estado IN ('PENDIENTE','FINALIZADO')) NOT NULL DEFAULT 'PENDIENTE',
  usuario TEXT NOT NULL,
  tipo_pago TEXT DEFAULT NULL,
  fecha_registro TEXT DEFAULT NULL,
  FOREIGN KEY (id_sala) REFERENCES salas (id)
);

CREATE TABLE detalle_pedidos (
  id INTEGER PRIMARY KEY AUTOINCREMENT,
  nombre TEXT NOT NULL,
  precio REAL NOT NULL,
  cantidad INTEGER NOT NULL,
  comentario TEXT,
  id_pedido INTEGER NOT NULL,
  FOREIGN KEY (id_pedido) REFERENCES pedidos (id)
);

CREATE TABLE historial_ventas (
  id INTEGER PRIMARY KEY AUTOINCREMENT,
  id_pedido INTEGER DEFAULT NULL,
  fecha TEXT DEFAULT NULL,
  total REAL DEFAULT NULL,
  tipo_pago TEXT DEFAULT NULL,
  usuario TEXT DEFAULT NULL,
  FOREIGN KEY (id_pedido) REFERENCES pedidos (id)
);

INSERT INTO config VALUES (1,'13615100-9','LOS COMUNEROS Pizzeria y Comidas Rapidas.','3108559974','Cra 7 # 6-05 esquina','Gracias por su visita!');
INSERT INTO detalle_pedidos VALUES (1,'HAWAIANA FAMILIAR',54000.00,1,'',1),(2,'COMUNERA MEDIUM',45000.00,1,'',2),(3,'PAGO EFECTIVO',1000.00,1,'EFECTIVO - $1000.00',3),(4,'PAGO TRANSACCION',10000.00,1,'TRANSACCION - $10000.00',3),(5,'COMUNERA FAMILIAR',58000.00,3,'',4),(6,'POLLO CHAMPIÑON PERSONAL',19000.00,1,'',5),(7,'COMUNERA FAMILIAR',58000.00,5,'',6),(8,'COMUNERA FAMILIAR',58000.00,2,'',7);
INSERT INTO pedidos VALUES (1,1,1,'2025-07-26 02:59:09',54000.00,'FINALIZADO','Anderson Mosquera',NULL,NULL),(2,2,1,'2025-07-26 02:59:00',45000.00,'FINALIZADO','Anderson Mosquera',NULL,NULL),(3,3,1,'2025-07-26 02:58:48',11000.00,'FINALIZADO','Anderson Mosquera',NULL,NULL),(4,1,2,'2025-07-26 03:12:49',174000.00,'FINALIZADO','Anderson Mosquera',NULL,NULL),(5,1,18,'2026-02-17 02:01:16',19000.00,'PENDIENTE','Anderson Mosquera',NULL,NULL),(6,1,7,'2026-02-17 02:02:03',290000.00,'PENDIENTE','Anderson Mosquera',NULL,NULL),(7,2,7,'2026-02-17 02:02:18',116000.00,'PENDIENTE','Anderson Mosquera',NULL,NULL);
INSERT INTO platos VALUES (1,'COMUNERA PERSONAL',21000.00,'2025-07-24'),(2,'COMUNERA SMALL',35000.00,'2025-07-24'),(3,'COMUNERA MEDIUM',45000.00,'2025-07-24'),(4,'COMUNERA FAMILIAR',58000.00,'2025-07-24'),(5,'HAWAIANA PERSONAL',19000.00,'2025-07-24'),(6,'HAWAIANA SMALL',32000.00,'2025-07-24'),(7,'HAWAIANA MEDIUM',42000.00,'2025-07-24'),(8,'HAWAIANA FAMILIAR',54000.00,'2025-07-24'),(9,'POLLO CHAMPIÑON PERSONAL',19000.00,'2025-07-24'),(10,'POLLO CHAMPIÑON SMALL',32000.00,'2025-07-24'),(11,'POLLO CHAMPIÑON MEDIUM',42000.00,'2025-07-24'),(12,'POLLO CHAMPIÑON FAMILIAR',54000.00,'2025-07-24'),(13,'PIZZA PERRO PERSONAL',21000.00,'2025-07-24'),(14,'PIZZA PERRO SMALL',35000.00,'2025-07-24'),(15,'PIZZA PERRO MEDIUM',45000.00,'2025-07-24'),(16,'PIZZA PERRO FAMILIAR',58000.00,'2025-07-24'),(17,'CARNES PERSONAL',21000.00,'2025-07-24'),(18,'CARNES SMALL',35000.00,'2025-07-24'),(19,'CARNES MEDIUM',45000.00,'2025-07-24'),(20,'CARNES FAMILIAR',58000.00,'2025-07-24'),(21,'SUPER ESPECIAL PERSONAL',21000.00,'2025-07-24'),(22,'SUPER ESPECIAL SMALL',35000.00,'2025-07-24'),(23,'SUPER ESPECIAL MEDIUM',45000.00,'2025-07-24'),(24,'SUPER ESPECIAL FAMILIAR',58000.00,'2025-07-24'),(25,'CAMPESINA PERSONAL',21000.00,'2025-07-24'),(26,'CAMPESINA SMALL',35000.00,'2025-07-24'),(27,'CAMPESINA MEDIUM',45000.00,'2025-07-24'),(28,'CAMPESINA FAMILIAR',58000.00,'2025-07-24'),(29,'POLLO MIEL MOSTAZA PERSONAL',19000.00,'2025-07-24'),(30,'POLLO MIEL MOSTAZA SMALL',32000.00,'2025-07-24'),(31,'POLLO MIEL MOSTAZA MEDIUM',42000.00,'2025-07-24'),(32,'POLLO MIEL MOSTAZA FAMILIAR',54000.00,'2025-07-24'),(33,'MAÍZ TOCINETA PERSONAL',21000.00,'2025-07-24'),(34,'MAÍZ TOCINETA SMALL',35000.00,'2025-07-24'),(35,'MAÍZ TOCINETA MEDIUM',45000.00,'2025-07-24'),(36,'MAÍZ TOCINETA FAMILIAR',58000.00,'2025-07-24'),(37,'MEXICANA PERSONAL',21000.00,'2025-07-24'),(38,'MEXICANA SMALL',35000.00,'2025-07-24'),(39,'MEXICANA MEDIUM',45000.00,'2025-07-24'),(40,'MEXICANA FAMILIAR',58000.00,'2025-07-24'),(41,'POLLO BBQ PERSONAL',19000.00,'2025-07-24'),(42,'POLLO BBQ SMALL',32000.00,'2025-07-24'),(43,'POLLO BBQ MEDIUM',42000.00,'2025-07-24'),(44,'POLLO BBQ FAMILIAR',54000.00,'2025-07-24'),(45,'NAPOLITANA PERSONAL',18000.00,'2025-07-24'),(46,'NAPOLITANA SMALL',30000.00,'2025-07-24'),(47,'NAPOLITANA MEDIUM',40000.00,'2025-07-24'),(48,'NAPOLITANA FAMILIAR',52000.00,'2025-07-24'),(49,'PEPPERONI PERSONAL',21000.00,'2025-07-24'),(50,'PEPPERONI SMALL',35000.00,'2025-07-24'),(51,'PEPPERONI MEDIUM',45000.00,'2025-07-24'),(52,'PEPPERONI FAMILIAR',58000.00,'2025-07-24'),(53,'VEGETARIANA PERSONAL',19000.00,'2025-07-24'),(54,'VEGETARIANA SMALL',32000.00,'2025-07-24'),(55,'VEGETARIANA MEDIUM',42000.00,'2025-07-24'),(56,'VEGETARIANA FAMILIAR',54000.00,'2025-07-24'),(57,'SANTANDEREANA PERSONAL',21000.00,'2025-07-24'),(58,'SANTANDEREANA SMALL',35000.00,'2025-07-24'),(59,'SANTANDEREANA MEDIUM',45000.00,'2025-07-24'),(60,'SANTANDEREANA FAMILIAR',58000.00,'2025-07-24'),(61,'TROPICAL PERSONAL',21000.00,'2025-07-24'),(62,'TROPICAL SMALL',35000.00,'2025-07-24'),(63,'TROPICAL MEDIUM',45000.00,'2025-07-24'),(64,'TROPICAL FAMILIAR',58000.00,'2025-07-24'),(65,'NUTELLA PERSONAL',19000.00,'2025-07-24'),(66,'NUTELLA SMALL',32000.00,'2025-07-24'),(67,'NUTELLA MEDIUM',42000.00,'2025-07-24'),(68,'NUTELLA FAMILIAR',54000.00,'2025-07-24'),(69,'CIRUELA TOCINETA PERSONAL',21000.00,'2025-07-24'),(70,'CIRUELA TOCINETA SMALL',35000.00,'2025-07-24'),(71,'CIRUELA TOCINETA MEDIUM',45000.00,'2025-07-24'),(72,'CIRUELA TOCINETA FAMILIAR',58000.00,'2025-07-24'),(73,'HAMBURGUESA 1781',20000.00,'2025-07-24'),(74,'HAMBURGUESA COMUNERA',24000.00,'2025-07-24'),(75,'HAMBURGUESA REBELION',28000.00,'2025-07-24'),(76,'PERRO 1781',17000.00,'2025-07-24'),(77,'PERRO COMUNERO',20000.00,'2025-07-24'),(78,'LASAÑA 1781',18000.00,'2025-07-24'),(79,'LASAÑA LIBERTAD',20000.00,'2025-07-24'),(80,'MAZORCADA 1781',20000.00,'2025-07-24'),(81,'MAZORCADA COMUNERA',24000.00,'2025-07-24'),(82,'COSTILLAS B.B.Q',25000.00,'2025-07-24'),(83,'PICADA REVOLUCION',27000.00,'2025-07-24'),(84,'CHURRASCO',25000.00,'2025-07-24'),(85,'PECHUGA A LA PLANCHA',25000.00,'2025-07-24'),(86,'SALCHIPAPA',10000.00,'2025-07-24'),(87,'SALCHIPAPA CON QUESO',12000.00,'2025-07-24'),(88,'CHORIPAPA',10000.00,'2025-07-24'),(89,'CHORIPAPA CON QUESO',12000.00,'2025-07-24'),(90,'PORCION DE PAPAS',6000.00,'2025-07-24'),(91,'LIMONADA DE COCO',8000.00,'2025-07-24'),(92,'LIMONADA DE HIERBABUENA',8000.00,'2025-07-24'),(93,'LIMONADA DE MANGO',8000.00,'2025-07-24'),(94,'LIMONADA DE FRESA',8000.00,'2025-07-24'),(95,'BOTELLA DE AGUA',3500.00,'2025-07-24'),(96,'TÉ',3500.00,'2025-07-24'),(97,'SODA',3500.00,'2025-07-24'),(98,'COCA-COLA 400 ML',3500.00,'2025-07-24'),(99,'COCA-COLA 1.5 L',8000.00,'2025-07-24'),(100,'COCA-COLA 2.5 LTS',10000.00,'2025-07-24'),(101,'4 ESTACIONES FAMILIAR',58000.00,'2025-07-24'),(102,'4 ESTACIONES MEDIUM',47000.00,'2025-07-24');
INSERT INTO salas VALUES (1,'EFECTIVO',13),(2,'TRANSACCIONES',20),(3,'EFECTIVO-TRANSACCION',10);
INSERT INTO usuarios VALUES (1,'Anderson Mosquera','anderson','28034','Administrador'),(6,'alejo','alejohd','alejohd123','Asistente');
